{
  "project_info": {
    "project_number": "64030322665",
    "firebase_url": "https://fireapp-daa01.firebaseio.com",
    "project_id": "fireapp-daa01",
    "storage_bucket": "fireapp-daa01.appspot.com"
  },
  "client": [
    {
      "client_info": {
        "mobilesdk_app_id": "1:64030322665:android:8aa904a202851a42",
        "android_client_info": {
          "package_name": "com.mycompany.fireapp"
        }
      },
      "oauth_client": [
        {
          "client_id": "64030322665-ce6eq41a4jvie8aafejc634g0b8q25mo.apps.googleusercontent.com",
          "client_type": 1,
          "android_info": {
            "package_name": "com.mycompany.fireapp",
            "certificate_hash": "3e64ab6b190d739f328a811bb5823a12be07fcd8"
          }
        },
        {
          "client_id": "64030322665-q004sa2mb24qdbvpppm58ld3kv7d5jpc.apps.googleusercontent.com",
          "client_type": 3
        }
      ],
      "api_key": [
        {
          "current_key": "AIzaSyDupGTkzTg1awQrjGqUZrLtI-x_VrMGnlI"
        }
      ],
      "services": {
        "analytics_service": {
          "status": 1
        },
        "appinvite_service": {
          "status": 2,
          "other_platform_oauth_client": [
            {
              "client_id": "64030322665-q004sa2mb24qdbvpppm58ld3kv7d5jpc.apps.googleusercontent.com",
              "client_type": 3
            }
          ]
        },
        "ads_service": {
          "status": 2
        }
      }
    }
  ],
  "configuration_version": "1"
}